metric,Coastline,OpenWater,accuracy,macro avg,weighted avg
precision,0.999721 ± 0.000682 (±0.000546),1.000000 ± 0.000000 (±0.000000),0.999875 ± 0.000305 (±0.000244),0.999861 ± 0.000341 (±0.000273),0.999876 ± 0.000305 (±0.000244)
recall,1.000000 ± 0.000000 (±0.000000),0.999775 ± 0.000551 (±0.000441),0.999875 ± 0.000305 (±0.000244),0.999887 ± 0.000276 (±0.000221),0.999875 ± 0.000305 (±0.000244)
f1-score,0.999861 ± 0.000342 (±0.000273),0.999887 ± 0.000276 (±0.000221),0.999875 ± 0.000305 (±0.000244),0.999874 ± 0.000309 (±0.000247),0.999875 ± 0.000305 (±0.000244)
accuracy,0.999875 ± 0.000279 (±0.000223),,,,
