metric,Coastline,OpenWater,accuracy,macro avg,weighted avg
precision,1.000000 ± 0.000000 (±0.000000),0.999981 ± 0.000046 (±0.000037),0.999987 ± 0.000033 (±0.000026),0.999991 ± 0.000023 (±0.000019),0.999987 ± 0.000033 (±0.000026)
recall,0.999955 ± 0.000110 (±0.000088),1.000000 ± 0.000000 (±0.000000),0.999987 ± 0.000033 (±0.000026),0.999978 ± 0.000055 (±0.000044),0.999987 ± 0.000033 (±0.000026)
f1-score,0.999978 ± 0.000055 (±0.000044),0.999991 ± 0.000023 (±0.000019),0.999987 ± 0.000033 (±0.000026),0.999984 ± 0.000039 (±0.000031),0.999987 ± 0.000033 (±0.000026)
accuracy,0.999987 ± 0.000030 (±0.000024),,,,
