metric,Coastline,OpenWater,accuracy,macro avg,weighted avg
precision,0.997520 ± 0.006075 (±0.004861),0.954379 ± 0.018056 (±0.014448),0.982561 ± 0.007532 (±0.006027),0.975950 ± 0.010121 (±0.008099),0.983195 ± 0.007392 (±0.005915)
recall,0.973807 ± 0.011099 (±0.008881),0.995050 ± 0.012125 (±0.009702),0.982561 ± 0.007532 (±0.006027),0.984429 ± 0.008386 (±0.006710),0.982561 ± 0.007532 (±0.006027)
f1-score,0.985488 ± 0.006529 (±0.005224),0.974207 ± 0.012108 (±0.009688),0.982561 ± 0.007532 (±0.006027),0.979848 ± 0.007607 (±0.006087),0.982628 ± 0.007518 (±0.006016)
accuracy,0.982561 ± 0.006876 (±0.005502),,,,
