metric,Coastline,OpenWater,accuracy,macro avg,weighted avg
precision,0.992450 ± 0.018493 (±0.014798),1.000000 ± 0.000000 (±0.000000),0.998228 ± 0.004342 (±0.003474),0.996225 ± 0.009247 (±0.007399),0.998308 ± 0.004145 (±0.003317)
recall,1.000000 ± 0.000000 (±0.000000),0.997715 ± 0.005596 (±0.004478),0.998228 ± 0.004342 (±0.003474),0.998858 ± 0.002798 (±0.002239),0.998228 ± 0.004342 (±0.003474)
f1-score,0.996138 ± 0.009461 (±0.007570),0.998850 ± 0.002817 (±0.002254),0.998228 ± 0.004342 (±0.003474),0.997494 ± 0.006139 (±0.004912),0.998242 ± 0.004306 (±0.003446)
accuracy,0.998228 ± 0.003963 (±0.003171),,,,
